Neurons,Batch Size,Epochs,Epoch 1,Eval Train,Eval Val,Eval Test
6400,32,1,1326.7970255410182,375.9941136559937,75.25543481600471,75.83574831398437
