Neurons,Batch Size,Epochs,Epoch 1,Epoch 2,Epoch 3,Epoch 4,Epoch 5,Epoch 6,Epoch 7,Epoch 8,Epoch 9,Epoch 10,Epoch 11,Epoch 12,Epoch 13,Epoch 14,Epoch 15,Eval Train,Eval Val,Eval Test
6400,32,15,1322.647837269993,1319.838448213006,1318.8796462880564,1318.8209901480004,1320.9124634250184,1318.5802055270178,1318.6801278599887,1317.5739227359882,1317.4535258400138,1319.4149352600216,1319.6706598729943,1318.5396456610179,1316.6580966570182,1318.661079914018,1317.8226385110174,371.42205431096954,74.1420949169551,74.53417589701712
