Neurons,Batch Size,Epochs,Epoch 1,Epoch 2,Epoch 3,Eval Train,Eval Val,Eval Test
6400,32,3,1321.7134371389984,1319.1646653590142,1320.0994524540147,372.15070287999697,74.40638071502326,73.89694927103119
